
{
    "region" : "us-east-1",
    "profile" : "Soum1994",
    "configuration" : "Release",
    "framework"     : "net8.0",
    "function-name" : "AWSLambdaAndAPIGateway",
    "function-description" : "",
    "package-type"         : "Zip",
    "function-handler"     : "AWSLambdaAndAPIGateway",
    "function-memory-size" : 512,
    "function-role"        : "arn:aws:iam::156041437871:role/service-role/AWSLambdaAndAPIGateway-role-dj57gv39",
    "function-timeout"     : 15,
    "function-runtime"     : "dotnet8",
    "function-architecture" : "x86_64",
    "function-subnets"      : "",
    "function-security-groups" : "",
    "tracing-mode"             : "PassThrough",
    "environment-variables"    : "",
    "image-tag"                : ""
}