
{
    "region" : "us-east-1",
    "profile" : "Soum1994",
    "configuration" : "Release",
    "framework"     : "net8.0",
    "function-name" : "WebSocket",
    "function-description" : "",
    "package-type"         : "Zip",
    "function-handler"     : "WebSocket_Server",
    "function-memory-size" : 512,
    "function-timeout"     : 15,
    "function-runtime"     : "dotnet8",
    "function-architecture" : "x86_64",
    "tracing-mode"          : "PassThrough",
    "environment-variables" : "",
    "image-tag"             : "",
    "function-role"         : "arn:aws:iam::156041437871:role/service-role/WebSocket-role-uyk0wv7s",
    "function-subnets"      : "",
    "function-security-groups" : ""
}